S#	ref_ID	pred_ID	ref 5	pred 5	5 match	ref 3	pred 3	3 match	consensus
1.0	-	1.0	-	92563.0	Disagree	-	92721.0	Disagree	mismatch
2.0	-	2.0	-	1.0	Disagree	-	2502.0	Disagree	mismatch
3.0	BAA31758.1	3.0	2589	2589.0	Agree	3464	3464.0	Agree	CONSENSUS
4.0	BAA31759.1	4.0	3675	3465.0	Disagree	5432	5432.0	Agree	3' Match
5.0	BAA31760.1	5.0	5432	5432.0	Agree	6937	6937.0	Agree	CONSENSUS
6.0	BAA31761.1	6.0	6939	6939.0	Agree	8162	8162.0	Agree	CONSENSUS
7.0	BAA31762.1	7.0	8193	8193.0	Agree	8627	8627.0	Agree	CONSENSUS
8.0	BAA31763.1	8.0	8624	8624.0	Agree	9178	9178.0	Agree	CONSENSUS
9.0	BAA31764.1	9.0	9193	9175.0	Disagree	9540	9540.0	Agree	3' Match
10.0	BAA31765.1	10.0	9537	9537.0	Agree	10136	10136.0	Agree	CONSENSUS
11.0	BAA31766.1	11.0	10133	10133.0	Agree	11110	11110.0	Agree	CONSENSUS
12.0	BAA31767.1	12.0	11473	11224.0	Disagree	12321	12321.0	Agree	3' Match
13.0	BAA31768.1	13.0	12308	12308.0	Agree	12820	12820.0	Agree	CONSENSUS
14.0	BAA31769.1	14.0	12995	12878.0	Disagree	13711	13711.0	Agree	3' Match
15.0	BAA31770.1	15.0	13803	13935.0	Disagree	14204	14204.0	Agree	3' Match
16.0	BAA31771.1	16.0	14347	14383.0	Disagree	14688	14688.0	Agree	3' Match
17.0	BAA31772.3	17.0	14733	14901.0	Disagree	15554	15554.0	Agree	3' Match
18.0	BAA31773.1	18.0	16119	16095.0	Disagree	16610	16610.0	Agree	3' Match
19.0	BAA31774.1	19.0	16612	16612.0	Agree	19608	19608.0	Agree	CONSENSUS
20.0	BAA31775.1	20.0	19658	19658.0	Agree	21778	21778.0	Agree	CONSENSUS
21.0	BAA31776.1	21.0	21782	21782.0	Agree	23221	23221.0	Agree	CONSENSUS
22.0	BAA31778.1	22.0	24316	24415.0	Disagree	25056	25056.0	Agree	3' Match
23.0	-	23.0	-	25146.0	Disagree	-	25265.0	Disagree	mismatch
24.0	BAA31780.2	24.0	25341	25341.0	Agree	26294	26318.0	Disagree	5' Match
25.0	-	25.0	-	26726.0	Disagree	-	26926.0	Disagree	mismatch
26.0	BAA31782.2	26.0	26923	26923.0	Agree	27543	27543.0	Agree	CONSENSUS
27.0	BAA31783.2	27.0	27540	27540.0	Agree	28223	28139.0	Disagree	5' Match
28.0	BAA31784.1	28.0	28682	28682.0	Agree	28900	28900.0	Agree	CONSENSUS
29.0	BAA31785.1	29.0	28902	28902.0	Agree	29207	29207.0	Agree	CONSENSUS
30.0	BAA31786.1	30.0	29208	29208.0	Agree	30014	30014.0	Agree	CONSENSUS
31.0	-	31.0	-	30211.0	Disagree	-	30327.0	Disagree	mismatch
32.0	BAA31787.1	32.0	30736	30736.0	Agree	31626	31626.0	Agree	CONSENSUS
33.0	BAA31788.1	33.0	31623	31623.0	Agree	31949	31949.0	Agree	CONSENSUS
34.0	BAA31790.2	34.0	32837	32837.0	Agree	34003	34003.0	Agree	CONSENSUS
35.0	BAA31791.1	35.0	34003	34003.0	Agree	34974	34974.0	Agree	CONSENSUS
36.0	-	36.0	-	35359.0	Disagree	-	35631.0	Disagree	mismatch
37.0	BAA31792.1	37.0	36274	36274.0	Agree	37998	37998.0	Agree	CONSENSUS
38.0	BAA31793.1	38.0	38075	38075.0	Agree	38977	38977.0	Agree	CONSENSUS
39.0	BAA31795.1	39.0	39363	39363.0	Agree	40046	40046.0	Agree	CONSENSUS
40.0	-	40.0	-	40047.0	Disagree	-	40268.0	Disagree	mismatch
41.0	BAA31796.1	41.0	40162	40282.0	Disagree	40716	40716.0	Agree	3' Match
42.0	BAA31797.1	42.0	40762	40762.0	Agree	41538	41538.0	Agree	CONSENSUS
43.0	BAA31799.1	43.0	42079	41956.0	Disagree	42381	42381.0	Agree	3' Match
44.0	BAA31800.1	44.0	42428	42428.0	Agree	42850	42850.0	Agree	CONSENSUS
45.0	-	45.0	-	42847.0	Disagree	-	43038.0	Disagree	mismatch
46.0	BAA31802.2	46.0	44034	44034.0	Agree	44264	44264.0	Agree	CONSENSUS
47.0	BAA31803.1	47.0	44316	44316.0	Agree	45677	45677.0	Agree	CONSENSUS
48.0	BAA31804.1	48.0	45724	45724.0	Agree	46287	46287.0	Agree	CONSENSUS
49.0	-	49.0	-	46287.0	Disagree	-	46535.0	Disagree	mismatch
50.0	BAA31806.1	50.0	47130	47130.0	Agree	47582	47582.0	Agree	CONSENSUS
51.0	-	51.0	-	47639.0	Disagree	-	47872.0	Disagree	mismatch
52.0	BAA31807.1	52.0	47938	47938.0	Agree	49896	49896.0	Agree	CONSENSUS
53.0	BAA31808.1	53.0	49951	49951.0	Agree	50385	50385.0	Agree	CONSENSUS
54.0	BAA31809.1	54.0	50382	50382.0	Agree	51143	51143.0	Agree	CONSENSUS
55.0	-	55.0	-	51100.0	Disagree	-	51237.0	Disagree	mismatch
56.0	-	56.0	-	51317.0	Disagree	-	51529.0	Disagree	mismatch
57.0	BAA31811.2	57.0	51715	51715.0	Agree	53688	53688.0	Agree	CONSENSUS
58.0	BAA31812.1	58.0	53756	53792.0	Disagree	54187	54187.0	Agree	3' Match
59.0	-	59.0	-	54268.0	Disagree	-	54501.0	Disagree	mismatch
60.0	BAA31813.1	60.0	54761	54761.0	Agree	55120	55120.0	Agree	CONSENSUS
61.0	BAA31814.1	61.0	55302	55326.0	Disagree	55712	55712.0	Agree	3' Match
62.0	BAA31815.1	62.0	55981	55981.0	Agree	65490	65490.0	Agree	CONSENSUS
63.0	-	63.0	-	65433.0	Disagree	-	65564.0	Disagree	mismatch
64.0	BAA31816.1	64.0	65582	65582.0	Agree	65854	65854.0	Agree	CONSENSUS
65.0	BAA31817.1	65.0	65781	65781.0	Agree	66284	66284.0	Agree	CONSENSUS
66.0	BAA31818.1	66.0	66314	66491.0	Disagree	67729	67729.0	Agree	3' Match
67.0	BAA31819.1	67.0	67749	67749.0	Agree	68495	68495.0	Agree	CONSENSUS
68.0	BAA31820.1	68.0	68554	68554.0	Agree	69414	69414.0	Agree	CONSENSUS
69.0	BAA31821.1	69.0	69517	69517.0	Agree	70077	70077.0	Agree	CONSENSUS
70.0	-	70.0	-	70210.0	Disagree	-	70422.0	Disagree	mismatch
71.0	BAA31822.1	71.0	70667	70667.0	Agree	71128	71128.0	Agree	CONSENSUS
72.0	BAA31823.1	72.0	71421	71421.0	Agree	71759	71759.0	Agree	CONSENSUS
73.0	BAA31824.1	73.0	71999	71999.0	Agree	72253	72253.0	Agree	CONSENSUS
74.0	BAA31825.1	74.0	72556	72556.0	Agree	73413	73413.0	Agree	CONSENSUS
75.0	BAA31826.1	75.0	74325	74331.0	Disagree	74609	74609.0	Agree	3' Match
76.0	BAA31827.1	76.0	74609	74609.0	Agree	74884	74884.0	Agree	CONSENSUS
77.0	BAA31828.1	77.0	74979	74979.0	Agree	75185	75185.0	Agree	CONSENSUS
78.0	BAA31829.1	78.0	75270	75270.0	Agree	75650	75491.0	Disagree	5' Match
79.0	BAA31830.1	79.0	75544	75544.0	Agree	76320	75918.0	Disagree	5' Match
80.0	BAA31831.1	80.0	76062	76062.0	Agree	76526	76526.0	Agree	CONSENSUS
81.0	BAA31832.1	81.0	76888	76888.0	Agree	79098	79098.0	Agree	CONSENSUS
82.0	BAA31833.1	82.0	79190	79211.0	Disagree	79531	79531.0	Agree	3' Match
83.0	BAA31834.1	83.0	79689	79689.0	Agree	80576	80576.0	Agree	CONSENSUS
84.0	BAA31836.1	84.0	80757	80757.0	Agree	84659	84659.0	Agree	CONSENSUS
85.0	-	85.0	-	85124.0	no match	-	85396.0	no match	opposite orientation
86.0	BAA31837.1	86.0	87222	86868.0	Disagree	87659	87659.0	Agree	3' Match
87.0	BAA31838.1	87.0	87659	87659.0	Agree	88765	88765.0	Agree	CONSENSUS
88.0	BAA31839.1	88.0	88855	88855.0	Agree	90576	90576.0	Agree	CONSENSUS
89.0	BAA31840.1	89.0	90650	90713.0	Disagree	91648	91648.0	Agree	3' Match
90.0	-	90.0	-	91969.0	no match	-	92079.0	no match	opposite orientation
